EnglishName,LatinName,CodeName
Outgroup,outgroup,allgtrmss
Dark-eyed_junco,junco_hyemalis,junchymls
White-throated_sparrow,zonotrichia_albicollis,zntrchlbc
Song_sparrow,melospiza_melodia,mlspzmldm
Medium_ground_finch,geospiza_fortis,gespzfrts
Small_tree_finch,camarhynchus_parvulus,cmrhynchs
Common_canary,serinus_canaria_forma_domestica,serinscnr
Rufous-breasted_accentor,prunella_strophiata,prnllstrp
Zebra_finch,t._guttata,tnpyggttt
Bengalese_finch,lonchura_striata_domestica,lnchrstrt
Gouldian_finch,chloebia_gouldiae,erythrrgl
Flycatcher,empidonax_alnorum,fcdllbcll
Swainson's_thrush,catharus_ustulatus,cthrsstlt
Common_starling,sturnus_vulgaris,strnsvlgr
Great_tit,parus_major,parusmajr
Tibetan_ground-tit,pseudopodoces_humilis,psdpdcshm
Blue_tit,cyanistes_caeruleus,cynstscrl
Rufous-capped_babbler,cyanoderma_ruficeps,stchyrsrf
Reunion_grey_white-eye,zosterops_borbonicus,zstrpsbrb
Barn_swallow,hirundo_rustica,hrndrstcr
American_crow,corvus_brachyrhynchos,crvsbrchy
New_Caledonian_crow,corvus_moneduloides,crvsmndld
Painted_honeyeater,grantiella_picta,grntllpct
Satin_bowerbird,ptilonorhynchus_violaceus,ptlnrhync
Superb_lyrebird,menura_novaehollandiae,mnrnvhlln
Golden-collared_manakin,manacus_vitellinus,mncsvtlln
Wire-tailed_manakin,pipra_filicauda,pipraflcd
Blue-crowned_manakin,lepidothrix_coronata,lpdthrxcr
White-ruffed_manakin,corapipo_altera,corappltr
Lance-tailed_manakin,chiroxiphia_lanceolata,chrxphlnc
Saffron-crested_tyrant-manakin,neopelma_chrysocephalum,nplmchrys
Willow_flycatcher,empidonax_traillii,empdnxtrl
Hooded_pitta,pitta_sordida,pittasrdd
Rifleman,acanthisitta_chloris,acnthsttc
Budgerigar_(aka_Common_Parakeet_in_Springer),melopsittacus_undulatus,mlpsttcsn
Yellow-billed_parrot,amazona_collaria,amazncllr
Kea,nestor_notabilis,nstrntbls
Kakapo,strigops_habroptila,strgpshbr
Peregrine_falcon,falco_peregrinus,flcprgrns
Saker_falcon,falco_cherrug,falcchrrg
Red-legged_seriema,cariama_cristata,carmcrstt
Bald_eagle,haliaeetus_leucocephalus,hltslccph
White-tailed_eagle,haliaeetus_albicilla,hltslbcll
Eurasian_sparrowhawk,accipiter_nisus,accptrnss
Golden_eagle,aquila_chrysaetos,aqlchryst
Turkey_vulture,cathartes_aura,cathartsr
Burrowing_owl,athene_cunicularia,athncnclr
Barn_owl,tyto_alba,tytoalblb
Blue-throated_roller,eurystomus_gularis,erystmsgl
Woodland_kingfisher,halcyon_senegalensis,hlcynsngl
Carmine_bee-eater,merops_nubicus,merpsnbcs
Downy_woodpecker,dryobates_pubescens,pcdspbscn
Coppersmith_barbet,psilopogon_haemacephalus,pslpgnhmc
Paradise_jacamar,galbula_dea,galbulade
Rhinoceros_hornbill,buceros_rhinoceros,bcrsrhncr
Hoopoe,upupa_epops,upupaepps
Bar-tailed_trogon,apaloderma_vittatum,apldrmvtt
Cuckoo-roller,leptosomus_discolor,lptsmsdsc
Speckled_mousebird,colius_striatus,colsstrts
Dalmatian_pelican,pelecanus_crispus,plcnscrsp
Little_egret,egretta_garzetta,egrttgrzt
Crested_ibis,nipponia_nippon,nippnnppn
Great_cormorant,phalacrocorax_carbo,phlcrcrxc
Magnificent_frigatebird,fregata_magnificens,frgtmgnfc
Maguari_stork,ciconia_maguari,ciconimgr
Adelie_penguin,pygoscelis_adeliae,pygsclsdl
Emperor_penguin,aptenodytes_forsteri,aptndytsf
Northern_fulmar,fulmarus_glacialis,flmrsglcl
Yellow-nosed_albatross,thalassarche_chlororhynchos,thlssrchc
Red-throated_loon,gavia_stellata,gavistllt
Sunbittern,eurypyga_helias,erypyghls
Kagu,rhynochetos_jubatus,rhynchtsj
White-tailed_tropicbird,phaethon_lepturus,phthnlptr
Hoatzin,opisthocomus_hoazin,opsthcmsh
American_flamingo,phoenicopterus_ruber,phncptrsr
Great-crested_grebe,podiceps_cristatus,pdcpscrst
Ruff,calidris_pugnax,cldrspgnx
Spoon-billed_sandpiper,calidris_pygmaea,cldrspygm
Bar-tailed_godwit,limosa_lapponica,lmslppncb
Black-legged_kittiwake,rissa_tridactyla_,rsstrdcty
Little_buttonquail,turnix_velox,turnixvlx
Killdeer,charadrius_vociferus,chrdrsvcf
Couble-striped_thick-knee,hesperoburhinus_bistriatus,brhnsbstr
Grey-crowned_crane,balearica_regulorum,blrcrglrm
Inaccessible_island_rail,laterallus_rogersi,atlntsrgr
Chimney_swift,chaetura_pelagica,chatrplgc
Whiskered_treeswift,hemiprocne_comata,hmprcncmt
Anna's_hummingbird,calypte_anna,calyptenn
Barred_owlet-nightjar,aegotheles_bennettii,agthlsbnn
Tawny_frogmouth,podargus_strigoides,pdrgsstrg
Oilbird,steatornis_caripensis,sttrnscrp
Great_potoo,nyctibius_grandis,nyctbsgrn
Chuck-will's-widow,antrostomus_carolinensis,antrstmsc
Pigeon,columba_livia,columbalv
Band-tailed_pigeon,patagioenas_fasciata,ptgnsfsct
Brown_mesite,mesitornis_unicolor,mstrnsncl
Yellow-throated_sandgrouse,pterocles_gutturalis,ptrclsgtt
MacQueen's_bustard,chlamydotis_macqueenii,chlmydtsm
Red-crested_turaco,tauraco_erythrolophus,trcrythrl
Common_cuckoo,cuculus_canorus,cuclscnrs
Golden_pheasant,chrysolophus_pictus,chryslphs
Ring-necked_pheasant,phasianus_colchicus,phsnsclch
Turkey,meleagris_gallopavo,mlgrsgllp
Chicken,gallus_domesticus,gallsglls
Chinese_bamboo-partridge,bambusicola_thoracicus,bmbsclthr
Japanese_quail,coturnix_japonica,ctrnxjpnc
Indian_peafowl,pavo_cristatus,pavcrstts
Northern_bobwhite,colinus_virginianus,clnsvrgnn
Scaled_quail,callipepla_squamata,cllpplsqm
Helmeted_guineafowl,numida_meleagris,numdmlgrs
White-crested_guan,penelope_pileata,penelpplt
Australian_brush-turkey,alectura_lathami,alctrlthm
Swan_goose,anser_cygnoides,ansrcygnd
Domestic_goose,anser_anser_domesticus,ansrcydms
Pink-footed_goose,anser_brachyrhynchus,ansrbrchy
Mallard,anas_platyrhynchos,anspltyrh
Tufted_duck,aythya_fuligula,aythyflgl
Magpie_goose,anseranas_semipalmata,ansrnssmp
Southern_screamer,chauna_torquata,chauntrqt
Great_spotted_kiwi,apteryx_maxima,aptryxhst
Little_spotted_kiwi,apteryx_owenii,apteryxwn
Okarito_brown_kiwi,apteryx_rowi,apteryxrw
Greater_rhea,rhea_americana,rheaamrcn
White-throated_tinamou,tinamus_guttatus,tnmsgttts
Common_ostrich,struthio_camelus,strthcmls

